text,label,prompt_name,source,RDizzl3_seven,row_id,char_count,word_count,unique_word_count,type_token_ratio
"Having technology that can read your emotion it's okay and it can help people that don't have friends or don't have any body to talk to. If you need someone to talk to but you don't have anybody, than technology can help you with that problem. If the technology/computer can see your emotion than it can tell what's wrong with you and give you some answer's to you're problems in life. In the same time you should be carefull, because technology can maybe turn back on you and will want you to do something bad that never crossed your mind. If tecchnology is able to read your emotions it's okay but we should also be careful. In the same time that type of technology that is able to read your emotion it's amazing but power full too; because if you are trying to hide something from it, it can tell that you are lying to the computer and also that tecchnology can take peoples jobs. People in the world need their jobs for they can take care of the family.",0,Facial action coding system,persuade_corpus,True,11499,957,180,92,0.5111111111111111
"Schools should use facial action coding system because its use full for school.

One reason why schools should use facial action coding system because it can be use full for health classes. health classes effect how much your emotions affect your body for example if you're always depressed you'll have a chance that your body might suffer from something and you might have a hard time to bring your body to stay strong again after suffering from depression and if your always happy you won't have a problem.

My Second reason why schools should use facial action coding because a day on a test. A day on a test you'll have a emotion that you don't wanna take it or just too lazy to do the test and might end up the person guessing all the problems and not even caring. The next day they would see there scores in the test and be embarassed because they got there score low.

My Third reason why schools should use facial action coding because incase of a fight. People might be angry and might take there anger away on someone else and it could manage to start a fight that's why you can check on them and ask why are they angry and calm them down. You never know if that could happen so always be prepared.",0,Facial action coding system,persuade_corpus,True,10485,1208,225,119,0.5288888888888889
"In the article ""The Challenge of Exploring Venus"", the author believes that Venus is worthy of human research and time although the task poses multiple dangers. I stand by the authors claim because we would gain information on how our universe works, and how it was many millions of years ago. The article states that although Venus is sometimes ""around the corner"", humans have sent many unmanned spacecrafts to attempt to explore and learn about Venus as a planet. Those spacecraft have not survived landing for more than a couple of hours. This has discouraged humans enough that we have yet to send another spacecraft to Venus in over three decades.

The challenges are very rough and will not be anywhere close to a easy task. First they have to get through a thick atmosphere almost consisting of 97% carbon dioxide. After the atmosphere, you will have to survive the clouds which consist of highly corrosive sulfuric acid. Then you would need to figure out how to help deal with its average surface temperature of over 800 degrees Fahrenheit making it the hottest surface temperature of any planet in out solar system.

Next, you'll have to create something sturdy enough to withstand its atmospheric pressure which amost 90 times geater than Earth's. The geolocial features and weather such as volcanoes, earthquakes, and lightning strikes will also aid in ruining the journey.

If we can overcome these obsticles we could learn much more about Venus's past, present, and future. The more knowledge we have will help to futher even more research and hopefully explore even more in our universe.",0,Exploring Venus,persuade_corpus,True,8612,1602,268,174,0.6492537313432836
"If I were Luke Bomberger I would convince people to join the Seagoing Cowboys program.

The reason you should join the Seagoing Cowboys program is because it's such an experince.

When you are doing your job not only are you working, you are helping other people and it gives you that good feeling down inside. As you are doing you rounds or trips or whatever you want to call it is a great opertunity for a young boy or grown man to see alsorts of stuff, like different cultures and different countrys. Another reason is your an animal lover you got yourself a job but remember one thing you do need to be strong and tuff. If you are worried about being board trust me we have loads of stuff to help you pass time some of the stuff includes, Table tennis,fencing,boxing,reading,whittling,and games so you dont half to worried about being bored.

There are some great dangers about being on sea. On my second trip I served as a watchman . My jod was to check on all the animals every hour. One rainy night I was makeing my hourly report to the captin and I slid down the slipery ladder and landed on my back side. I was happey to be alive. The one problem was that I couldn't work for a couple of days because of cracked ribs. You shouldent have that problem.

Well thats realy all I can say. Yes I agree it dose have its downfalls but thers more good things than bad I can personley tell you that. It realy helped me open my mind to the world. It helped me understand the problems other countries were facing and I realy hope it helps you open up your mind. With all my information I hope to see you at sea helping the animals.            ",0,"""A Cowboy Who Rode the Waves""",persuade_corpus,True,5524,1640,308,176,0.5714285714285714
"Some schools offer distance learning as an option for students to attend classes from home by way of online or video conferencing. I believe that is a good option, and students would benefit being able to attend classes from home .Many teenager can have good benefits from taking classes from home. Today many students can not assist to the school because the transportation,or they have appointment that they have to assist.

First, I think that is good option for students to attend classes from home, because some students do not have transportation .For example, i have a friend that she can not study because her way to the school is very long and she do not have transportation and she do not have someone who came take her to the school because her family do not have a car .If she could have the opportunity to have class from home will be a good benefit for her,because she would like to finish her high school.

Also, many student miss classes because they have to work ,or they have appointments and they can not assist to their classes. When students miss classes ,they will be affected latter for their test or quiz .For example, last week i did not went to the school because i have a doctor appointment ,and when i went the next day i was affected because i took a quiz and i did not recover the class that i missed .But if students could take classes online the day that they can not assist to the school will be good because they will be not affected because they will have the opportunity to recover the class.

In conclusion, offer distance learning as an option for students to attend classes from home online or video conference is a good option,because it will give a lot of benefits to many students who can no attend schools. It will be more easy to students who can not assist to their classes and they will no be affected on their grades,because students who miss one day can be affected a lot on their grades.",0,Distance learning,persuade_corpus,False,22866,1936,353,126,0.35694050991501414
"Driverless Cars, good or bad?

Yes, Yes driverless cars always sound like an awesome idea. Everyones dream, but have you thought of possible reprecussions? They say that the car will tell you when oncoming traffic or you are coming up on roadwork, but did they say anything in the article about kids running in front of the car, or even animals? What would stop the car from hitting this animal, or even a CHILD. I think kids are way more important than having a cool vehicle.

They did state that the driver should always have his/her eye on the road but, they were also talking about getting ""in-car entertainment"". I don't know if this sounds like television to you, but it sure does to me. And honestly, who's gonna watch the road if they're watching their favorite show?

They stated in the article that ""we have to interpret driving fun in a new way"". I don't think driving needs to be fun, you get where you are supposed to be and that's that. We do not need cars that'll drive for us. We are already beyond lazy, do they want us to be even lazier? Ameicans will do anything they can for an easy way out of doing something. Even if these cars will make loads of money, they aren't very safe.

The drivers seat is supposed to vibrate when backing out, if somethings in the way. Well what if the driver isn't fast enough to come to the wheel? What if they are too busy trying to pick what show they want to watch?

Let's talk about liability, Someone could easily get out of something because they can blame it on the manufacturer, ""my seat didnt vibrate"", ""my shows didnt turn off"", ""the car didnt notify me"". Do they really wanna get sued because someone lied?

Another thing, what the heck is up with ""having cameras in the car"". What even is privacy? Because, I'm quite sure thats an invasion of it. Out of everything I don't agree with, this is a huge one. They want to spy on people. Not ok.

Now if they come out with these cars and you get one, best of luck to you. but I gave you alot of reasons why the devolpment of these cars shouldn't happen. From the safety of our children, to our privacy. ",0,Driverless cars,persuade_corpus,True,18031,2110,394,224,0.5685279187817259
"Limiting car usage nowadays is very well for the enviroment. Not using cars so much lowers polution, and is a great way for humans to start interacting with one-another again.

The ""Car-Free cities"" started in the suburbs of Germany. Almost everyone completely gave up their cars. P2 L1-2 states that stret parking and drivewats and home garages are generally forbidden. If you are not completely car-free you pay $40,000 to buy space to park you car(s) along with a home.

Statistics say that 70 percent of families d not own cars anymore, and 57 percent actually sold their cars to move to Germany. Heidrun Wlter stated ""When I had a car I was always tense. I'm much happier this way"".

In Paris, due to near-record pollution, they enforced a partial driving ban to clear the air of the global city.

On certain days motorists with even-numbered license plates were ordered to leave their cars at home or suffer a $31 fine. the other days same rules apply to odd-numbered license plate owners.

The more cities that start doing a ban on driving cars' or use more enviroment healthy cars are helping reduce pollution and other toxins in the air. p43 states that the Ford company is already making changes to their cars/trucks to make them more enviromentally safe.

The rate of Kids and aduts between the ages of 16-39 getting their licenes and permits have dropped drastically within the past few years. With communication the computers and telephones, teens and alduts feel connected by talking on these devices and don't feel the need as much to drive to go see a friend and find it easier to stay intouch.

In Bogota, Colombia millians of people hike, bike, skate or took buses to work durin a car-free day. It was the third year that cars have been banned with only buses and taxis permitted for the Day Wihout Cars in the city. The turnout was large, despite the occasional rain they ecieved, that didnt stop the colombians for doing what they did.  ""It's a good opportunity to take away stress and lower air pollution"" said Carlos Arturo Plaza. Two other Colobian cities, Cali and Valledupar, joined the Day Without Cars event. The citites are generation a revolutionary change in the world.

Parks and sports centers have bloomed throught the city, sidewalks have been repaired and rush-hour has been cut.

The United states' has realized a drastic change in driving. Fewer people are getting their licenses. as of 2013, the number of miles driven per person was nearly 9 percent below the peak and equal to where the country was in 1995 (P32 L9-12).    ",0,Car-free cities,persuade_corpus,True,1796,2563,442,278,0.6289592760180995
"There are many advantages of limiting car usage. Using cars less reduces pollution, stress, money spent on gas, and it also brings people together.

When people give up using cars they seem generally happier. Heidrun Walter states in In German Suburb, Life Goes On Without Cars by Elisabeth Rosenthal, ""When I had a car I was always tense. I'm much happier this way,"" The community of Vauban is a closer community because they don't use cars. They have to walk everywhere so they're talking more with their fellow neighbors. People are creating stronger relationships with the people in their community which creates trust. Strangers are now becoming friends. Businesses are popping up in every corner. The economy is probably up as well as their happiness. The suburb of Vauban may only have 5,500 residents but those 5,500 people surely are more excited to start and continue their life than cities where people are constantly using cars and not talking to each other.

Cars cause so much pollution that huge cities, like Paris, have to have a partial driving ban to clear the air. Paris ordered vehicle users to leave their car at home on a certain day if they had an evennumbered license plate. Car pollution are ruining beautiful cities like Paris and Beijing. The warm days of Paris caused the warmer layer of air to trap car emissions according to Paris bans driving due to smog by Robert Duffer. By just not using cars for one day the smog cleared enough so the oddnumbered license plate users didn't have to leave their cars at home. Imagine if cars were banned once a week Paris and other cities might actually be able to breathe fresh air.

Bogota, Colombia is having an annual Day Without Cars, the only exception being buses and taxis according to Carfree day is spinning into a big hit in Bogota by Andrew Selsky. Columbians have stated that the day takes away stress as well as the obvious air pollution. Car traffic is decreased which would obviously decrease car accidents. Without using cars, people don't have the stress of having to pay for gas or if they're car breaks down. They can ride a bike and enjoy being outside instead of being in a mobile machine all day.

Research shows Americans are generally buying less cars each years. This is great news for America seeing as transportation is second largest source of America's emissions says The End of Car Culture by Elisabeth Rosenthal. The telecommunications industry is higher now because people can communicate online rather than driving to see their friend. The younger generation is not using cars as much because cars aren't a priority anymore. They can use public transportation or walk to the places they need to go.

There are many reasons why cars shouldn't be used. This is a gradual revolution because people aren't going to stop using their cars out of the blue. People must see the many benefits of not using cars.",0,Car-free cities,train_essays,True,42543,2903,500,269,0.538
